,Музыкальный центр,Наушники,Провод HDMI,Домашний кинотеатр,Ноутбук,DVD-плеер,ЖК-телевизор,ПК,Холодильник,Принтер,Кредит
1,0,1,1,1,1,0,0,0,1,1,1
2,0,1,1,0,0,1,1,1,1,1,1
3,0,1,0,1,1,1,1,1,0,1,1
4,0,1,1,1,0,1,1,1,1,1,1
5,0,1,1,0,0,0,1,0,1,0,0
6,0,0,1,0,1,1,1,0,0,0,0
7,0,1,0,0,0,1,0,0,1,1,0
8,0,1,1,1,1,1,1,0,1,1,1
9,0,1,0,0,0,0,1,0,1,0,0
10,0,1,1,0,0,1,0,1,0,1,0
11,0,0,0,0,1,0,0,0,0,1,0
12,0,0,1,0,1,0,0,0,0,1,0
13,0,0,1,0,1,0,0,0,0,1,0
14,0,0,1,0,1,0,0,0,0,1,0
15,0,0,1,0,1,0,0,0,0,1,0
16,0,0,1,0,1,0,0,0,0,1,0
17,0,0,1,0,1,0,0,0,0,1,0
18,0,0,1,0,1,0,0,0,0,1,0
19,0,0,1,0,1,0,0,0,0,1,0
20,0,0,0,0,0,0,0,0,1,0,1
21,0,0,0,0,0,0,0,0,1,0,1
22,0,0,0,0,0,0,0,0,1,0,1
23,0,0,0,0,0,0,0,0,1,0,1
24,0,0,0,0,0,0,0,0,1,0,1
25,0,0,0,0,0,0,0,0,1,0,1
26,0,0,0,0,0,0,0,0,1,0,1
27,0,0,0,0,0,0,0,0,1,0,1
28,0,0,0,0,0,0,0,0,1,0,1
29,0,0,0,0,0,0,0,0,1,0,1
30,0,0,0,0,0,0,0,0,1,0,1
31,0,0,0,0,0,0,0,0,1,0,1
32,0,0,0,0,0,0,0,0,1,0,1
33,0,0,0,0,0,0,0,0,1,0,1
34,0,0,0,0,0,0,0,0,1,0,1
35,0,0,1,0,0,1,1,0,0,0,1
36,0,0,1,0,0,1,1,0,0,0,1
37,0,0,1,0,0,1,1,0,0,0,1
38,0,0,1,0,0,1,1,0,0,0,1
39,0,0,1,0,0,1,1,0,0,0,1
40,0,0,1,0,0,1,1,0,0,0,1
41,0,0,1,0,0,1,1,0,0,0,1
42,0,0,1,0,0,1,1,0,0,0,1
43,0,0,1,0,0,1,1,0,0,0,1
44,0,0,1,0,0,1,1,0,0,0,1
45,0,0,1,0,0,1,1,0,0,0,1
46,0,0,1,0,0,1,1,0,0,0,1
47,0,0,1,0,0,1,1,0,0,0,1
48,0,0,1,0,0,1,1,0,0,0,1
49,0,0,1,0,0,1,1,0,0,0,1
50,0,0,1,0,0,0,0,1,0,1,0
51,0,0,1,0,0,0,0,1,0,1,0
52,0,0,1,0,0,0,0,1,0,1,0
53,0,0,1,0,0,0,0,1,0,1,0
54,0,0,1,0,0,0,0,1,0,1,0
55,0,0,1,0,0,0,0,1,0,1,0
56,0,0,1,0,0,0,0,1,0,1,0
57,0,0,1,0,0,0,0,1,0,1,0
58,0,0,1,0,0,0,0,1,0,1,0
59,0,0,1,0,0,0,0,1,0,1,0
60,0,0,1,0,0,0,0,1,0,1,0
61,0,0,1,0,0,0,0,1,0,1,0
62,0,0,1,0,0,0,0,1,0,1,0
63,0,0,0,0,0,0,0,1,0,0,0
64,0,0,0,0,0,0,0,1,0,0,0
65,0,0,0,0,0,0,0,1,0,0,0
66,0,0,0,0,0,0,0,1,0,0,0
67,0,0,0,0,0,0,0,1,0,0,0
68,0,0,0,0,0,0,0,1,0,0,0
69,0,0,0,0,0,0,0,1,0,0,0
70,0,0,0,0,0,0,0,1,0,0,0
71,0,0,0,0,0,0,0,1,0,0,0
72,0,0,0,0,0,0,0,1,0,0,0
73,0,0,0,0,0,0,0,1,0,0,0
74,0,0,0,0,0,0,0,1,0,0,0
75,0,0,0,0,0,0,0,1,0,0,0
76,0,0,0,0,0,0,0,1,0,0,0
77,0,1,1,1,1,0,0,0,1,1,1
78,0,1,1,0,0,1,1,1,1,1,1
79,0,1,0,1,1,1,1,1,0,1,1
80,0,1,1,1,0,1,1,1,1,1,1
81,0,1,1,0,0,0,1,0,1,0,0
82,0,0,1,0,1,1,1,0,0,0,0
83,0,1,0,0,0,1,0,0,1,1,0
84,0,1,1,1,1,1,1,0,1,1,1
85,0,1,0,0,0,0,1,0,1,0,0
86,0,1,1,0,0,1,0,1,0,1,0
87,0,0,0,0,1,0,0,0,0,1,0
88,0,0,1,0,1,0,0,0,0,1,0
89,0,0,1,0,1,0,0,0,0,1,0
90,0,0,1,0,1,0,0,0,0,1,0
91,0,0,1,0,1,0,0,0,0,1,0
92,0,0,1,0,1,0,0,0,0,1,0
93,0,0,1,0,1,0,0,0,0,1,0
94,0,0,1,0,1,0,0,0,0,1,0
95,0,0,1,0,1,0,0,0,0,1,0
96,0,0,0,0,0,0,0,0,1,0,1
97,0,0,0,0,0,0,0,0,1,0,1
98,0,0,0,0,0,0,0,0,1,0,1
99,0,0,0,0,0,0,0,0,1,0,1
100,0,0,0,0,0,0,0,0,1,0,1
101,0,0,0,0,0,0,0,0,1,0,1
102,0,0,0,0,0,0,0,0,1,0,1
103,0,0,0,0,0,0,0,0,1,0,1
104,0,0,0,0,0,0,0,0,1,0,1
105,0,0,0,0,0,0,0,0,1,0,1
106,0,0,0,0,0,0,0,0,1,0,1
107,0,0,0,0,0,0,0,0,1,0,1
108,0,0,0,0,0,0,0,0,1,0,1
109,0,0,0,0,0,0,0,0,1,0,1
110,0,0,0,0,0,0,0,0,1,0,1
111,0,0,1,0,0,1,1,0,0,0,1
112,0,0,1,0,0,1,1,0,0,0,1
113,0,0,1,0,0,1,1,0,0,0,1
114,0,0,1,0,0,1,1,0,0,0,1
115,0,0,1,0,0,1,1,0,0,0,1
116,0,0,1,0,0,1,1,0,0,0,1
117,0,0,1,0,0,1,1,0,0,0,1
118,0,0,1,0,0,1,1,0,0,0,1
119,0,0,1,0,0,1,1,0,0,0,1
120,0,0,1,0,0,1,1,0,0,0,1
121,0,0,1,0,0,1,1,0,0,0,1
122,0,0,1,0,0,1,1,0,0,0,1
123,0,0,1,0,0,1,1,0,0,0,1
124,0,0,1,0,0,1,1,0,0,0,1
125,0,0,1,0,0,1,1,0,0,0,1
126,0,0,1,0,0,0,0,1,0,1,0
127,0,0,1,0,0,0,0,1,0,1,0
128,0,0,1,0,0,0,0,1,0,1,0
129,0,0,1,0,0,0,0,1,0,1,0
130,0,0,1,0,0,0,0,1,0,1,0
131,0,0,1,0,0,0,0,1,0,1,0
132,0,0,1,0,0,0,0,1,0,1,0
133,0,0,1,0,0,0,0,1,0,1,0
134,0,0,1,0,0,0,0,1,0,1,0
135,0,0,1,0,0,0,0,1,0,1,0
136,0,0,1,0,0,0,0,1,0,1,0
137,0,0,1,0,0,0,0,1,0,1,0
138,0,0,1,0,0,0,0,1,0,1,0
139,0,0,0,0,0,0,0,1,0,0,0
140,0,0,0,0,0,0,0,1,0,0,0
141,0,0,0,0,0,0,0,1,0,0,0
142,0,0,0,0,0,0,0,1,0,0,0
143,0,0,0,0,0,0,0,1,0,0,0
144,0,0,0,0,0,0,0,1,0,0,0
145,0,0,0,0,0,0,0,1,0,0,0
146,0,0,0,0,0,0,0,1,0,0,0
147,0,0,0,0,0,0,0,1,0,0,0
148,0,0,0,0,0,0,0,1,0,0,0
149,0,0,0,0,0,0,0,1,0,0,0
150,0,0,0,0,0,0,0,1,0,0,0
151,0,0,0,0,0,0,0,1,0,0,0
152,0,0,0,0,0,0,0,1,0,0,0
153,0,1,1,1,1,0,0,0,1,1,1
154,0,1,1,0,0,1,1,1,1,1,1
155,0,1,0,1,1,1,1,1,0,1,1
156,0,1,1,1,0,1,1,1,1,1,1
157,0,1,1,0,0,0,1,0,1,0,0
158,0,0,1,0,1,1,1,0,0,0,0
159,0,1,0,0,0,1,0,0,1,1,0
160,0,1,1,1,1,1,1,0,1,1,1
161,0,1,0,0,0,0,1,0,1,0,0
162,0,1,1,0,0,1,0,1,0,1,0
163,0,0,0,0,1,0,0,0,0,1,0
164,0,0,1,0,1,0,0,0,0,1,0
165,0,0,1,0,1,0,0,0,0,1,0
166,0,0,1,0,1,0,0,0,0,1,0
167,0,0,1,0,1,0,0,0,0,1,0
168,0,0,1,0,1,0,0,0,0,1,0
169,0,0,1,0,1,0,0,0,0,1,0
170,0,0,1,0,1,0,0,0,0,1,0
171,0,0,1,0,1,0,0,0,0,1,0
172,0,0,0,0,0,0,0,0,1,0,1
173,0,0,0,0,0,0,0,0,1,0,1
174,0,0,0,0,0,0,0,0,1,0,1
175,0,0,0,0,0,0,0,0,1,0,1
176,0,0,0,0,0,0,0,0,1,0,1
177,0,0,0,0,0,0,0,0,1,0,1
178,0,0,0,0,0,0,0,0,1,0,1
179,0,0,0,0,0,0,0,0,1,0,1
180,0,0,0,0,0,0,0,0,1,0,1
181,0,0,0,0,0,0,0,0,1,0,1
182,0,0,0,0,0,0,0,0,1,0,1
183,0,0,0,0,0,0,0,0,1,0,1
184,0,0,0,0,0,0,0,0,1,0,1
185,0,0,0,0,0,0,0,0,1,0,1
186,0,0,0,0,0,0,0,0,1,0,1
187,0,0,1,0,0,1,1,0,0,0,1
188,0,0,1,0,0,1,1,0,0,0,1
189,0,0,1,0,0,1,1,0,0,0,1
190,0,0,1,0,0,1,1,0,0,0,1
191,0,0,1,0,0,1,1,0,0,0,1
192,0,0,1,0,0,1,1,0,0,0,1
193,0,0,1,0,0,1,1,0,0,0,1
194,0,0,1,0,0,1,1,0,0,0,1
195,0,0,1,0,0,1,1,0,0,0,1
196,0,0,1,0,0,1,1,0,0,0,1
197,0,0,1,0,0,1,1,0,0,0,1
198,0,0,1,0,0,1,1,0,0,0,1
199,0,0,1,0,0,1,1,0,0,0,1
200,0,0,1,0,0,1,1,0,0,0,1
201,0,0,1,0,0,1,1,0,0,0,1
202,0,0,1,0,0,0,0,1,0,1,0
203,0,0,1,0,0,0,0,1,0,1,0
204,0,0,1,0,0,0,0,1,0,1,0
205,0,0,1,0,0,0,0,1,0,1,0
206,0,0,1,0,0,0,0,1,0,1,0
207,0,0,1,0,0,0,0,1,0,1,0
208,0,0,1,0,0,0,0,1,0,1,0
209,0,0,1,0,0,0,0,1,0,1,0
210,0,0,1,0,0,0,0,1,0,1,0
211,0,0,1,0,0,0,0,1,0,1,0
212,0,0,1,0,0,0,0,1,0,1,0
213,0,0,1,0,0,0,0,1,0,1,0
214,0,0,1,0,0,0,0,1,0,1,0
215,0,0,0,0,0,0,0,1,0,0,0
216,0,0,0,0,0,0,0,1,0,0,0
217,0,0,0,0,0,0,0,1,0,0,0
218,0,0,0,0,0,0,0,1,0,0,0
219,0,0,0,0,0,0,0,1,0,0,0
220,0,0,0,0,0,0,0,1,0,0,0
221,0,0,0,0,0,0,0,1,0,0,0
222,0,0,0,0,0,0,0,1,0,0,0
223,0,0,0,0,0,0,0,1,0,0,0
224,0,0,0,0,0,0,0,1,0,0,0
225,0,0,0,0,0,0,0,1,0,0,0
226,0,0,0,0,0,0,0,1,0,0,0
227,0,0,0,0,0,0,0,1,0,0,0
228,0,0,0,0,0,0,0,1,0,0,0
229,0,1,1,1,1,0,0,0,1,1,1
230,0,1,1,0,0,1,1,1,1,1,1
231,0,1,0,1,1,1,1,1,0,1,1
232,0,1,1,1,0,1,1,1,1,1,1
233,0,1,1,0,0,0,1,0,1,0,0
234,0,0,1,0,1,1,1,0,0,0,0
235,0,1,0,0,0,1,0,0,1,1,0
236,0,1,1,1,1,1,1,0,1,1,1
237,0,1,0,0,0,0,1,0,1,0,0
238,0,1,1,0,0,1,0,1,0,1,0
239,0,0,0,0,1,0,0,0,0,1,0
240,0,0,1,0,1,0,0,0,0,1,0
241,0,0,1,0,1,0,0,0,0,1,0
242,0,0,1,0,1,0,0,0,0,1,0
243,0,0,1,0,1,0,0,0,0,1,0
244,0,0,1,0,1,0,0,0,0,1,0
245,0,0,1,0,1,0,0,0,0,1,0
246,0,0,1,0,1,0,0,0,0,1,0
247,0,0,1,0,1,0,0,0,0,1,0
248,0,0,0,0,0,0,0,0,1,0,1
249,0,0,0,0,0,0,0,0,1,0,1
250,0,0,0,0,0,0,0,0,1,0,1
251,0,0,0,0,0,0,0,0,1,0,1
252,0,0,0,0,0,0,0,0,1,0,1
253,0,0,0,0,0,0,0,0,1,0,1
254,0,0,0,0,0,0,0,0,1,0,1
255,0,0,0,0,0,0,0,0,1,0,1
256,0,0,0,0,0,0,0,0,1,0,1
257,0,0,0,0,0,0,0,0,1,0,1
258,0,0,0,0,0,0,0,0,1,0,1
259,0,0,0,0,0,0,0,0,1,0,1
260,0,0,0,0,0,0,0,0,1,0,1
261,0,0,0,0,0,0,0,0,1,0,1
262,0,0,0,0,0,0,0,0,1,0,1
263,0,0,1,0,0,1,1,0,0,0,1
264,0,0,1,0,0,1,1,0,0,0,1
265,0,0,1,0,0,1,1,0,0,0,1
266,0,0,1,0,0,1,1,0,0,0,1
267,0,0,1,0,0,1,1,0,0,0,1
268,0,0,1,0,0,1,1,0,0,0,1
269,0,0,1,0,0,1,1,0,0,0,1
270,0,0,1,0,0,1,1,0,0,0,1
271,0,0,1,0,0,1,1,0,0,0,1
272,0,0,1,0,0,1,1,0,0,0,1
273,0,0,1,0,0,1,1,0,0,0,1
274,0,0,1,0,0,1,1,0,0,0,1
275,0,0,1,0,0,1,1,0,0,0,1
276,0,0,1,0,0,1,1,0,0,0,1
277,0,0,1,0,0,1,1,0,0,0,1
278,0,0,1,0,0,0,0,1,0,1,0
279,0,0,1,0,0,0,0,1,0,1,0
280,0,0,1,0,0,0,0,1,0,1,0
281,0,0,1,0,0,0,0,1,0,1,0
282,0,0,1,0,0,0,0,1,0,1,0
283,0,0,1,0,0,0,0,1,0,1,0
284,0,0,1,0,0,0,0,1,0,1,0
285,0,0,1,0,0,0,0,1,0,1,0
286,0,0,1,0,0,0,0,1,0,1,0
287,0,0,1,0,0,0,0,1,0,1,0
288,0,0,1,0,0,0,0,1,0,1,0
289,0,0,1,0,0,0,0,1,0,1,0
290,0,0,1,0,0,0,0,1,0,1,0
291,0,0,0,0,0,0,0,1,0,0,0
292,0,0,0,0,0,0,0,1,0,0,0
293,0,0,0,0,0,0,0,1,0,0,0
294,0,0,0,0,0,0,0,1,0,0,0
295,0,0,0,0,0,0,0,1,0,0,0
296,0,0,0,0,0,0,0,1,0,0,0
297,0,0,0,0,0,0,0,1,0,0,0
298,0,0,0,0,0,0,0,1,0,0,0
299,0,0,0,0,0,0,0,1,0,0,0
300,0,0,0,0,0,0,0,1,0,0,0
301,0,0,0,0,0,0,0,1,0,0,0
302,0,0,0,0,0,0,0,1,0,0,0
303,0,0,0,0,0,0,0,1,0,0,0
304,0,0,0,0,0,0,0,1,0,0,0
305,0,1,1,1,1,0,0,0,1,1,1
306,0,1,1,0,0,1,1,1,1,1,1
307,0,1,0,1,1,1,1,1,0,1,1
308,0,1,1,1,0,1,1,1,1,1,1
309,0,1,1,0,0,0,1,0,1,0,0
310,0,0,1,0,1,1,1,0,0,0,0
311,0,1,0,0,0,1,0,0,1,1,0
312,0,1,1,1,1,1,1,0,1,1,1
313,0,1,0,0,0,0,1,0,1,0,0
314,0,1,1,0,0,1,0,1,0,1,0
315,0,0,0,0,1,0,0,0,0,1,0
316,0,0,1,0,1,0,0,0,0,1,0
317,0,0,1,0,1,0,0,0,0,1,0
318,0,0,1,0,1,0,0,0,0,1,0
319,0,0,1,0,1,0,0,0,0,1,0
320,0,0,1,0,1,0,0,0,0,1,0
321,0,0,1,0,1,0,0,0,0,1,0
322,0,0,1,0,1,0,0,0,0,1,0
323,0,0,1,0,1,0,0,0,0,1,0
324,0,0,0,0,0,0,0,0,1,0,1
325,0,0,0,0,0,0,0,0,1,0,1
326,0,0,0,0,0,0,0,0,1,0,1
327,0,0,0,0,0,0,0,0,1,0,1
328,0,0,0,0,0,0,0,0,1,0,1
329,0,0,0,0,0,0,0,0,1,0,1
330,0,0,0,0,0,0,0,0,1,0,1
331,0,0,0,0,0,0,0,0,1,0,1
332,0,0,0,0,0,0,0,0,1,0,1
333,0,0,0,0,0,0,0,0,1,0,1
334,0,0,0,0,0,0,0,0,1,0,1
335,0,0,0,0,0,0,0,0,1,0,1
336,0,0,0,0,0,0,0,0,1,0,1
337,0,0,0,0,0,0,0,0,1,0,1
338,0,0,0,0,0,0,0,0,1,0,1
339,0,0,1,0,0,1,1,0,0,0,1
340,0,0,1,0,0,1,1,0,0,0,1
341,0,0,1,0,0,1,1,0,0,0,1
342,0,0,1,0,0,1,1,0,0,0,1
343,0,0,1,0,0,1,1,0,0,0,1
344,0,0,1,0,0,1,1,0,0,0,1
345,0,0,1,0,0,1,1,0,0,0,1
346,0,0,1,0,0,1,1,0,0,0,1
347,0,0,1,0,0,1,1,0,0,0,1
348,0,0,1,0,0,1,1,0,0,0,1
349,0,0,1,0,0,1,1,0,0,0,1
350,0,0,1,0,0,1,1,0,0,0,1
351,0,0,1,0,0,1,1,0,0,0,1
352,0,0,1,0,0,1,1,0,0,0,1
353,0,0,1,0,0,1,1,0,0,0,1
354,0,0,1,0,0,0,0,1,0,1,0
355,0,0,1,0,0,0,0,1,0,1,0
356,0,0,1,0,0,0,0,1,0,1,0
357,0,0,1,0,0,0,0,1,0,1,0
358,0,0,1,0,0,0,0,1,0,1,0
359,0,0,1,0,0,0,0,1,0,1,0
360,0,0,1,0,0,0,0,1,0,1,0
361,0,0,1,0,0,0,0,1,0,1,0
362,0,0,1,0,0,0,0,1,0,1,0
363,0,0,1,0,0,0,0,1,0,1,0
364,0,0,1,0,0,0,0,1,0,1,0
365,0,0,1,0,0,0,0,1,0,1,0
366,0,0,1,0,0,0,0,1,0,1,0
367,0,0,0,0,0,0,0,1,0,0,0
368,0,0,0,0,0,0,0,1,0,0,0
369,0,0,0,0,0,0,0,1,0,0,0
370,0,0,0,0,0,0,0,1,0,0,0
371,0,0,0,0,0,0,0,1,0,0,0
372,0,0,0,0,0,0,0,1,0,0,0
373,0,0,0,0,0,0,0,1,0,0,0
374,0,0,0,0,0,0,0,1,0,0,0
375,0,0,0,0,0,0,0,1,0,0,0
376,0,0,0,0,0,0,0,1,0,0,0
377,0,0,0,0,0,0,0,1,0,0,0
378,0,0,0,0,0,0,0,1,0,0,0
379,0,0,0,0,0,0,0,1,0,0,0
380,0,0,0,0,0,0,0,1,0,0,0
381,0,1,1,1,1,0,0,0,1,1,1
382,0,1,1,0,0,1,1,1,1,1,1
383,0,1,0,1,1,1,1,1,0,1,1
384,0,1,1,1,0,1,1,1,1,1,1
385,0,1,1,0,0,0,1,0,1,0,0
386,0,0,1,0,1,1,1,0,0,0,0
387,0,1,0,0,0,1,0,0,1,1,0
388,0,1,1,1,1,1,1,0,1,1,1
389,0,1,0,0,0,0,1,0,1,0,0
390,0,1,1,0,0,1,0,1,0,1,0
391,0,0,0,0,1,0,0,0,0,1,0
392,0,0,1,0,1,0,0,0,0,1,0
393,0,0,1,0,1,0,0,0,0,1,0
394,0,0,1,0,1,0,0,0,0,1,0
395,0,0,1,0,1,0,0,0,0,1,0
396,0,0,1,0,1,0,0,0,0,1,0
397,0,0,1,0,1,0,0,0,0,1,0
398,0,0,1,0,1,0,0,0,0,1,0
399,0,0,1,0,1,0,0,0,0,1,0
400,0,0,0,0,0,0,0,0,1,0,1
401,0,0,0,0,0,0,0,0,1,0,1
402,0,0,0,0,0,0,0,0,1,0,1
403,0,0,0,0,0,0,0,0,1,0,1
404,0,0,0,0,0,0,0,0,1,0,1
405,0,0,0,0,0,0,0,0,1,0,1
406,0,0,0,0,0,0,0,0,1,0,1
407,0,0,0,0,0,0,0,0,1,0,1
408,0,0,0,0,0,0,0,0,1,0,1
409,0,0,0,0,0,0,0,0,1,0,1
410,0,0,0,0,0,0,0,0,1,0,1
411,0,0,0,0,0,0,0,0,1,0,1
412,0,0,0,0,0,0,0,0,1,0,1
413,0,0,0,0,0,0,0,0,1,0,1
414,0,0,0,0,0,0,0,0,1,0,1
415,0,0,1,0,0,1,1,0,0,0,1
416,0,0,1,0,0,1,1,0,0,0,1
417,0,0,1,0,0,1,1,0,0,0,1
418,0,0,1,0,0,1,1,0,0,0,1
419,0,0,1,0,0,1,1,0,0,0,1
420,0,0,1,0,0,1,1,0,0,0,1
421,0,0,1,0,0,1,1,0,0,0,1
422,0,0,1,0,0,1,1,0,0,0,1
423,0,0,1,0,0,1,1,0,0,0,1
424,0,0,1,0,0,1,1,0,0,0,1
425,0,0,1,0,0,1,1,0,0,0,1
426,0,0,1,0,0,1,1,0,0,0,1
427,0,0,1,0,0,1,1,0,0,0,1
428,0,0,1,0,0,1,1,0,0,0,1
429,0,0,1,0,0,1,1,0,0,0,1
430,0,0,1,0,0,0,0,1,0,1,0
431,0,0,1,0,0,0,0,1,0,1,0
432,0,0,1,0,0,0,0,1,0,1,0
433,0,0,1,0,0,0,0,1,0,1,0
434,0,0,1,0,0,0,0,1,0,1,0
435,0,0,1,0,0,0,0,1,0,1,0
436,0,0,1,0,0,0,0,1,0,1,0
437,0,0,1,0,0,0,0,1,0,1,0
438,0,0,1,0,0,0,0,1,0,1,0
439,0,0,1,0,0,0,0,1,0,1,0
440,0,0,1,0,0,0,0,1,0,1,0
441,0,0,1,0,0,0,0,1,0,1,0
442,0,0,1,0,0,0,0,1,0,1,0
443,0,0,0,0,0,0,0,1,0,0,0
444,0,0,0,0,0,0,0,1,0,0,0
445,0,0,0,0,0,0,0,1,0,0,0
446,0,0,0,0,0,0,0,1,0,0,0
447,0,0,0,0,0,0,0,1,0,0,0
448,0,0,0,0,0,0,0,1,0,0,0
449,0,0,0,0,0,0,0,1,0,0,0
450,0,0,0,0,0,0,0,1,0,0,0
451,0,0,0,0,0,0,0,1,0,0,0
452,0,0,0,0,0,0,0,1,0,0,0
453,0,0,0,0,0,0,0,1,0,0,0
454,0,0,0,0,0,0,0,1,0,0,0
455,0,0,0,0,0,0,0,1,0,0,0
456,0,0,0,0,0,0,0,1,0,0,0
457,0,1,1,1,1,0,0,0,1,1,1
458,0,1,1,0,0,1,1,1,1,1,1
459,0,1,0,1,1,1,1,1,0,1,1
460,0,1,1,1,0,1,1,1,1,1,1
461,0,1,1,0,0,0,1,0,1,0,0
462,0,0,1,0,1,1,1,0,0,0,0
463,0,1,0,0,0,1,0,0,1,1,0
464,0,1,1,1,1,1,1,0,1,1,1
465,0,1,0,0,0,0,1,0,1,0,0
466,0,1,1,0,0,1,0,1,0,1,0
467,0,0,0,0,1,0,0,0,0,1,0
468,0,0,1,0,1,0,0,0,0,1,0
469,0,0,1,0,1,0,0,0,0,1,0
470,0,0,1,0,1,0,0,0,0,1,0
471,0,0,1,0,1,0,0,0,0,1,0
472,0,0,1,0,1,0,0,0,0,1,0
473,0,0,1,0,1,0,0,0,0,1,0
474,0,0,1,0,1,0,0,0,0,1,0
475,0,0,1,0,1,0,0,0,0,1,0
476,0,0,0,0,0,0,0,0,1,0,1
477,0,0,0,0,0,0,0,0,1,0,1
478,0,0,0,0,0,0,0,0,1,0,1
479,0,0,0,0,0,0,0,0,1,0,1
480,0,0,0,0,0,0,0,0,1,0,1
481,0,0,0,0,0,0,0,0,1,0,1
482,0,0,0,0,0,0,0,0,1,0,1
483,0,0,0,0,0,0,0,0,1,0,1
484,0,0,0,0,0,0,0,0,1,0,1
485,0,0,0,0,0,0,0,0,1,0,1
486,0,0,0,0,0,0,0,0,1,0,1
487,0,0,0,0,0,0,0,0,1,0,1
488,0,0,0,0,0,0,0,0,1,0,1
489,0,0,0,0,0,0,0,0,1,0,1
490,0,0,0,0,0,0,0,0,1,0,1
491,0,0,1,0,0,1,1,0,0,0,1
492,0,0,1,0,0,1,1,0,0,0,1
493,0,0,1,0,0,1,1,0,0,0,1
494,0,0,1,0,0,1,1,0,0,0,1
495,0,0,1,0,0,1,1,0,0,0,1
496,0,0,1,0,0,1,1,0,0,0,1
497,0,0,1,0,0,1,1,0,0,0,1
498,0,0,1,0,0,1,1,0,0,0,1
499,0,0,1,0,0,1,1,0,0,0,1
500,0,0,1,0,0,1,1,0,0,0,1
501,0,0,1,0,0,1,1,0,0,0,1
502,0,0,1,0,0,1,1,0,0,0,1
503,0,0,1,0,0,1,1,0,0,0,1
504,0,0,1,0,0,1,1,0,0,0,1
505,0,0,1,0,0,1,1,0,0,0,1
506,0,0,1,0,0,0,0,1,0,1,0
507,0,0,1,0,0,0,0,1,0,1,0
508,0,0,1,0,0,0,0,1,0,1,0
509,0,0,1,0,0,0,0,1,0,1,0
510,0,0,1,0,0,0,0,1,0,1,0
511,0,0,1,0,0,0,0,1,0,1,0
512,0,0,1,0,0,0,0,1,0,1,0
513,0,0,1,0,0,0,0,1,0,1,0
514,0,0,1,0,0,0,0,1,0,1,0
515,0,0,1,0,0,0,0,1,0,1,0
516,0,0,1,0,0,0,0,1,0,1,0
517,0,0,1,0,0,0,0,1,0,1,0
518,0,0,1,0,0,0,0,1,0,1,0
519,0,0,0,0,0,0,0,1,0,0,0
520,0,0,0,0,0,0,0,1,0,0,0
521,0,0,0,0,0,0,0,1,0,0,0
522,0,0,0,0,0,0,0,1,0,0,0
523,0,0,0,0,0,0,0,1,0,0,0
524,0,0,0,0,0,0,0,1,0,0,0
525,0,0,0,0,0,0,0,1,0,0,0
526,0,0,0,0,0,0,0,1,0,0,0
527,0,0,0,0,0,0,0,1,0,0,0
528,0,0,0,0,0,0,0,1,0,0,0
529,0,0,0,0,0,0,0,1,0,0,0
530,0,0,0,0,0,0,0,1,0,0,0
531,0,0,0,0,0,0,0,1,0,0,0
532,0,0,0,0,0,0,0,1,0,0,0
533,0,1,1,1,1,0,0,0,1,1,1
534,0,1,1,0,0,1,1,1,1,1,1
535,0,1,0,1,1,1,1,1,0,1,1
536,0,1,1,1,0,1,1,1,1,1,1
537,0,1,1,0,0,0,1,0,1,0,0
538,0,0,1,0,1,1,1,0,0,0,0
539,0,1,0,0,0,1,0,0,1,1,0
540,0,1,1,1,1,1,1,0,1,1,1
541,0,1,0,0,0,0,1,0,1,0,0
542,0,1,1,0,0,1,0,1,0,1,0
543,0,0,0,0,1,0,0,0,0,1,0
544,0,0,1,0,1,0,0,0,0,1,0
545,0,0,1,0,1,0,0,0,0,1,0
546,0,0,1,0,1,0,0,0,0,1,0
547,0,0,1,0,1,0,0,0,0,1,0
548,0,0,1,0,1,0,0,0,0,1,0
549,0,0,1,0,1,0,0,0,0,1,0
550,0,0,1,0,1,0,0,0,0,1,0
551,0,0,1,0,1,0,0,0,0,1,0
552,0,0,0,0,0,0,0,0,1,0,1
553,0,0,0,0,0,0,0,0,1,0,1
554,0,0,0,0,0,0,0,0,1,0,1
555,0,0,0,0,0,0,0,0,1,0,1
556,0,0,0,0,0,0,0,0,1,0,1
557,0,0,0,0,0,0,0,0,1,0,1
558,0,0,0,0,0,0,0,0,1,0,1
559,0,0,0,0,0,0,0,0,1,0,1
560,0,0,0,0,0,0,0,0,1,0,1
561,0,0,0,0,0,0,0,0,1,0,1
562,0,0,0,0,0,0,0,0,1,0,1
563,0,0,0,0,0,0,0,0,1,0,1
564,0,0,0,0,0,0,0,0,1,0,1
565,0,0,0,0,0,0,0,0,1,0,1
566,0,0,0,0,0,0,0,0,1,0,1
567,0,0,1,0,0,1,1,0,0,0,1
568,0,0,1,0,0,1,1,0,0,0,1
569,0,0,1,0,0,1,1,0,0,0,1
570,0,0,1,0,0,1,1,0,0,0,1
571,0,0,1,0,0,1,1,0,0,0,1
572,0,0,1,0,0,1,1,0,0,0,1
573,0,0,1,0,0,1,1,0,0,0,1
574,0,0,1,0,0,1,1,0,0,0,1
575,0,0,1,0,0,1,1,0,0,0,1
576,0,0,1,0,0,1,1,0,0,0,1
577,0,0,1,0,0,1,1,0,0,0,1
578,0,0,1,0,0,1,1,0,0,0,1
579,0,0,1,0,0,1,1,0,0,0,1
580,0,0,1,0,0,1,1,0,0,0,1
581,0,0,1,0,0,1,1,0,0,0,1
582,0,0,1,0,0,0,0,1,0,1,0
583,0,0,1,0,0,0,0,1,0,1,0
584,0,0,1,0,0,0,0,1,0,1,0
585,0,0,1,0,0,0,0,1,0,1,0
586,0,0,1,0,0,0,0,1,0,1,0
587,0,0,1,0,0,0,0,1,0,1,0
588,0,0,1,0,0,0,0,1,0,1,0
589,0,0,1,0,0,0,0,1,0,1,0
590,0,0,1,0,0,0,0,1,0,1,0
591,0,0,1,0,0,0,0,1,0,1,0
592,0,0,1,0,0,0,0,1,0,1,0
593,0,0,1,0,0,0,0,1,0,1,0
594,0,0,1,0,0,0,0,1,0,1,0
595,0,0,0,0,0,0,0,1,0,0,0
596,0,0,0,0,0,0,0,1,0,0,0
597,0,0,0,0,0,0,0,1,0,0,0
598,0,0,0,0,0,0,0,1,0,0,0
599,0,0,0,0,0,0,0,1,0,0,0
600,0,0,0,0,0,0,0,1,0,0,0
601,0,0,0,0,0,0,0,1,0,0,0
602,0,0,0,0,0,0,0,1,0,0,0
603,0,0,0,0,0,0,0,1,0,0,0
604,0,0,0,0,0,0,0,1,0,0,0
605,0,0,0,0,0,0,0,1,0,0,0
606,0,0,0,0,0,0,0,1,0,0,0
607,0,0,0,0,0,0,0,1,0,0,0
608,0,0,0,0,0,0,0,1,0,0,0
609,0,1,1,1,1,0,0,0,1,1,1
610,0,1,1,0,0,1,1,1,1,1,1
611,0,1,0,1,1,1,1,1,0,1,1
612,0,1,1,1,0,1,1,1,1,1,1
613,0,1,1,0,0,0,1,0,1,0,0
614,0,0,1,0,1,1,1,0,0,0,0
615,0,1,0,0,0,1,0,0,1,1,0
616,0,1,1,1,1,1,1,0,1,1,1
617,0,1,0,0,0,0,1,0,1,0,0
618,0,1,1,0,0,1,0,1,0,1,0
619,0,0,0,0,1,0,0,0,0,1,0
620,0,0,1,0,1,0,0,0,0,1,0
621,0,0,1,0,1,0,0,0,0,1,0
622,0,0,1,0,1,0,0,0,0,1,0
623,0,0,1,0,1,0,0,0,0,1,0
624,0,0,1,0,1,0,0,0,0,1,0
625,0,0,1,0,1,0,0,0,0,1,0
626,0,0,1,0,1,0,0,0,0,1,0
627,0,0,1,0,1,0,0,0,0,1,0
628,0,0,0,0,0,0,0,0,1,0,1
629,0,0,0,0,0,0,0,0,1,0,1
630,0,0,0,0,0,0,0,0,1,0,1
631,0,0,0,0,0,0,0,0,1,0,1
632,0,0,0,0,0,0,0,0,1,0,1
633,0,0,0,0,0,0,0,0,1,0,1
634,0,0,0,0,0,0,0,0,1,0,1
635,0,0,0,0,0,0,0,0,1,0,1
636,0,0,0,0,0,0,0,0,1,0,1
637,0,0,0,0,0,0,0,0,1,0,1
638,0,0,0,0,0,0,0,0,1,0,1
639,0,0,0,0,0,0,0,0,1,0,1
640,0,0,0,0,0,0,0,0,1,0,1
641,0,0,0,0,0,0,0,0,1,0,1
642,0,0,0,0,0,0,0,0,1,0,1
643,0,0,1,0,0,1,1,0,0,0,1
644,0,0,1,0,0,1,1,0,0,0,1
645,0,0,1,0,0,1,1,0,0,0,1
646,0,0,1,0,0,1,1,0,0,0,1
647,0,0,1,0,0,1,1,0,0,0,1
648,0,0,1,0,0,1,1,0,0,0,1
649,0,0,1,0,0,1,1,0,0,0,1
650,0,0,1,0,0,1,1,0,0,0,1
651,0,0,1,0,0,1,1,0,0,0,1
652,0,0,1,0,0,1,1,0,0,0,1
653,0,0,1,0,0,1,1,0,0,0,1
654,0,0,1,0,0,1,1,0,0,0,1
655,0,0,1,0,0,1,1,0,0,0,1
656,0,0,1,0,0,1,1,0,0,0,1
657,0,0,1,0,0,1,1,0,0,0,1
658,0,0,1,0,0,0,0,1,0,1,0
659,0,0,1,0,0,0,0,1,0,1,0
660,0,0,1,0,0,0,0,1,0,1,0
661,0,0,1,0,0,0,0,1,0,1,0
662,0,0,1,0,0,0,0,1,0,1,0
663,0,0,1,0,0,0,0,1,0,1,0
664,0,0,1,0,0,0,0,1,0,1,0
665,0,0,1,0,0,0,0,1,0,1,0
666,0,0,1,0,0,0,0,1,0,1,0
667,0,0,1,0,0,0,0,1,0,1,0
668,0,0,1,0,0,0,0,1,0,1,0
669,0,0,1,0,0,0,0,1,0,1,0
670,0,0,1,0,0,0,0,1,0,1,0
671,0,0,0,0,0,0,0,1,0,0,0
672,0,0,0,0,0,0,0,1,0,0,0
673,0,0,0,0,0,0,0,1,0,0,0
674,0,0,0,0,0,0,0,1,0,0,0
675,0,0,0,0,0,0,0,1,0,0,0
676,0,0,0,0,0,0,0,1,0,0,0
677,0,0,0,0,0,0,0,1,0,0,0
678,0,0,0,0,0,0,0,1,0,0,0
679,0,0,0,0,0,0,0,1,0,0,0
680,0,0,0,0,0,0,0,1,0,0,0
681,0,0,0,0,0,0,0,1,0,0,0
682,0,0,0,0,0,0,0,1,0,0,0
683,0,0,0,0,0,0,0,1,0,0,0
684,0,0,0,0,0,0,0,1,0,0,0
685,0,1,1,1,1,0,0,0,1,1,1
686,0,1,1,0,0,1,1,1,1,1,1
687,0,1,0,1,1,1,1,1,0,1,1
688,0,1,1,1,0,1,1,1,1,1,1
689,0,1,1,0,0,0,1,0,1,0,0
690,0,0,1,0,1,1,1,0,0,0,0
691,0,1,0,0,0,1,0,0,1,1,0
692,0,1,1,1,1,1,1,0,1,1,1
693,0,1,0,0,0,0,1,0,1,0,0
694,0,1,1,0,0,1,0,1,0,1,0
695,0,0,0,0,1,0,0,0,0,1,0
696,0,0,1,0,1,0,0,0,0,1,0
697,0,0,1,0,1,0,0,0,0,1,0
698,0,0,1,0,1,0,0,0,0,1,0
699,0,0,1,0,1,0,0,0,0,1,0
700,0,0,1,0,1,0,0,0,0,1,0
701,0,0,1,0,1,0,0,0,0,1,0
702,0,0,1,0,1,0,0,0,0,1,0
703,0,0,1,0,1,0,0,0,0,1,0
704,0,0,0,0,0,0,0,0,1,0,1
705,0,0,0,0,0,0,0,0,1,0,1
706,0,0,0,0,0,0,0,0,1,0,1
707,0,0,0,0,0,0,0,0,1,0,1
708,0,0,0,0,0,0,0,0,1,0,1
709,0,0,0,0,0,0,0,0,1,0,1
710,0,0,0,0,0,0,0,0,1,0,1
711,0,0,0,0,0,0,0,0,1,0,1
712,0,0,0,0,0,0,0,0,1,0,1
713,0,0,0,0,0,0,0,0,1,0,1
714,0,0,0,0,0,0,0,0,1,0,1
715,0,0,0,0,0,0,0,0,1,0,1
716,0,0,0,0,0,0,0,0,1,0,1
717,0,0,0,0,0,0,0,0,1,0,1
718,0,0,0,0,0,0,0,0,1,0,1
719,0,0,1,0,0,1,1,0,0,0,1
720,0,0,1,0,0,1,1,0,0,0,1
721,0,0,1,0,0,1,1,0,0,0,1
722,0,0,1,0,0,1,1,0,0,0,1
723,0,0,1,0,0,1,1,0,0,0,1
724,0,0,1,0,0,1,1,0,0,0,1
725,0,0,1,0,0,1,1,0,0,0,1
726,0,0,1,0,0,1,1,0,0,0,1
727,0,0,1,0,0,1,1,0,0,0,1
728,0,0,1,0,0,1,1,0,0,0,1
729,0,0,1,0,0,1,1,0,0,0,1
730,0,0,1,0,0,1,1,0,0,0,1
731,0,0,1,0,0,1,1,0,0,0,1
732,0,0,1,0,0,1,1,0,0,0,1
733,0,0,1,0,0,1,1,0,0,0,1
734,0,0,1,0,0,0,0,1,0,1,0
735,0,0,1,0,0,0,0,1,0,1,0
736,0,0,1,0,0,0,0,1,0,1,0
737,0,0,1,0,0,0,0,1,0,1,0
738,0,0,1,0,0,0,0,1,0,1,0
739,0,0,1,0,0,0,0,1,0,1,0
740,0,0,1,0,0,0,0,1,0,1,0
741,0,0,1,0,0,0,0,1,0,1,0
742,0,0,1,0,0,0,0,1,0,1,0
743,0,0,1,0,0,0,0,1,0,1,0
744,0,0,1,0,0,0,0,1,0,1,0
745,0,0,1,0,0,0,0,1,0,1,0
746,0,0,1,0,0,0,0,1,0,1,0
747,0,0,0,0,0,0,0,1,0,0,0
748,0,0,0,0,0,0,0,1,0,0,0
749,0,0,0,0,0,0,0,1,0,0,0
750,0,0,0,0,0,0,0,1,0,0,0
751,0,0,0,0,0,0,0,1,0,0,0
752,0,0,0,0,0,0,0,1,0,0,0
753,0,0,0,0,0,0,0,1,0,0,0
754,0,0,0,0,0,0,0,1,0,0,0
755,0,0,0,0,0,0,0,1,0,0,0
756,0,0,0,0,0,0,0,1,0,0,0
757,0,0,0,0,0,0,0,1,0,0,0
758,0,0,0,0,0,0,0,1,0,0,0
759,0,0,0,0,0,0,0,1,0,0,0
760,0,0,0,0,0,0,0,1,0,0,0
761,1,1,0,1,1,1,1,0,1,0,1
762,1,0,1,0,0,0,1,1,0,0,0
763,1,1,1,1,0,0,0,1,0,1,1
764,1,0,1,0,1,1,1,1,0,1,0
765,1,1,0,0,1,1,1,1,0,1,0
766,1,0,1,1,0,0,0,0,0,1,0
767,1,0,0,0,1,0,1,0,1,1,1
768,1,0,0,0,1,1,1,1,1,1,1
769,1,1,0,0,1,1,1,1,1,1,1
770,1,0,1,0,0,0,1,0,0,1,0
771,1,1,0,0,1,0,0,1,1,1,1
772,1,1,1,1,0,0,1,0,1,0,1
773,1,1,0,1,0,0,0,0,0,0,1
774,1,1,0,1,0,0,0,0,0,0,1
775,1,1,0,1,0,0,0,0,0,0,1
776,1,1,0,1,0,0,0,0,0,0,1
777,1,1,0,1,0,0,0,0,0,0,1
778,1,1,0,1,0,0,0,0,0,0,1
779,1,1,0,1,0,0,0,0,0,0,1
780,1,1,0,1,0,0,0,0,0,0,1
781,1,1,0,1,0,0,0,0,0,0,1
782,1,1,0,1,0,0,0,0,0,0,1
783,1,1,0,1,0,0,0,0,0,0,1
784,1,1,0,1,0,0,0,0,0,0,1
785,1,0,0,0,0,1,1,0,1,0,1
786,1,0,0,0,0,1,1,0,1,0,1
787,1,0,0,0,0,1,1,0,1,0,1
788,1,0,0,0,0,1,1,0,1,0,1
789,1,0,0,0,0,1,1,0,1,0,1
790,1,0,0,0,0,1,1,0,1,0,1
791,1,0,0,0,0,1,1,0,1,0,1
792,1,1,0,0,0,0,0,0,0,0,0
793,1,1,0,0,0,0,0,0,0,0,0
794,1,1,0,0,0,0,0,0,0,0,0
795,1,1,0,0,0,0,0,0,0,0,0
796,1,1,0,0,0,0,0,0,0,0,0
797,1,1,0,0,0,0,0,0,0,0,0
798,1,1,0,0,0,0,0,0,0,0,0
799,1,1,0,0,0,0,0,0,0,0,0
800,1,1,0,0,0,0,0,0,0,0,0
801,1,1,0,0,0,0,0,0,0,0,0
802,1,1,0,0,0,0,0,0,0,0,0
803,1,1,0,0,0,0,0,0,0,0,0
804,1,1,0,0,0,0,0,0,0,0,0
805,1,1,0,0,0,0,0,0,0,0,0
806,1,1,0,0,0,0,0,0,0,0,0
807,1,1,0,0,0,0,0,0,0,0,0
808,1,1,0,1,1,1,1,0,1,0,1
809,1,0,1,0,0,0,1,1,0,0,0
810,1,1,1,1,0,0,0,1,0,1,1
811,1,0,1,0,1,1,1,1,0,1,0
812,1,1,0,0,1,1,1,1,0,1,0
813,1,0,1,1,0,0,0,0,0,1,0
814,1,0,0,0,1,0,1,0,1,1,1
815,1,0,0,0,1,1,1,1,1,1,1
816,1,1,0,0,1,1,1,1,1,1,1
817,1,0,1,0,0,0,1,0,0,1,0
818,1,1,0,0,1,0,0,1,1,1,1
819,1,1,1,1,0,0,1,0,1,0,1
820,1,1,0,1,0,0,0,0,0,0,1
821,1,1,0,1,0,0,0,0,0,0,1
822,1,1,0,1,0,0,0,0,0,0,1
823,1,1,0,1,0,0,0,0,0,0,1
824,1,1,0,1,0,0,0,0,0,0,1
825,1,1,0,1,0,0,0,0,0,0,1
826,1,1,0,1,0,0,0,0,0,0,1
827,1,1,0,1,0,0,0,0,0,0,1
828,1,1,0,1,0,0,0,0,0,0,1
829,1,1,0,1,0,0,0,0,0,0,1
830,1,1,0,1,0,0,0,0,0,0,1
831,1,1,0,1,0,0,0,0,0,0,1
832,1,0,0,0,0,1,1,0,1,0,1
833,1,0,0,0,0,1,1,0,1,0,1
834,1,0,0,0,0,1,1,0,1,0,1
835,1,0,0,0,0,1,1,0,1,0,1
836,1,0,0,0,0,1,1,0,1,0,1
837,1,0,0,0,0,1,1,0,1,0,1
838,1,0,0,0,0,1,1,0,1,0,1
839,1,1,0,0,0,0,0,0,0,0,0
840,1,1,0,0,0,0,0,0,0,0,0
841,1,1,0,0,0,0,0,0,0,0,0
842,1,1,0,0,0,0,0,0,0,0,0
843,1,1,0,0,0,0,0,0,0,0,0
844,1,1,0,0,0,0,0,0,0,0,0
845,1,1,0,0,0,0,0,0,0,0,0
846,1,1,0,0,0,0,0,0,0,0,0
847,1,1,0,0,0,0,0,0,0,0,0
848,1,1,0,0,0,0,0,0,0,0,0
849,1,1,0,0,0,0,0,0,0,0,0
850,1,1,0,0,0,0,0,0,0,0,0
851,1,1,0,0,0,0,0,0,0,0,0
852,1,1,0,0,0,0,0,0,0,0,0
853,1,1,0,0,0,0,0,0,0,0,0
854,1,1,0,0,0,0,0,0,0,0,0
855,1,1,0,1,1,1,1,0,1,0,1
856,1,0,1,0,0,0,1,1,0,0,0
857,1,1,1,1,0,0,0,1,0,1,1
858,1,0,1,0,1,1,1,1,0,1,0
859,1,1,0,0,1,1,1,1,0,1,0
860,1,0,1,1,0,0,0,0,0,1,0
861,1,0,0,0,1,0,1,0,1,1,1
862,1,0,0,0,1,1,1,1,1,1,1
863,1,1,0,0,1,1,1,1,1,1,1
864,1,0,1,0,0,0,1,0,0,1,0
865,1,1,0,0,1,0,0,1,1,1,1
866,1,1,1,1,0,0,1,0,1,0,1
867,1,1,0,1,0,0,0,0,0,0,1
868,1,1,0,1,0,0,0,0,0,0,1
869,1,1,0,1,0,0,0,0,0,0,1
870,1,1,0,1,0,0,0,0,0,0,1
871,1,1,0,1,0,0,0,0,0,0,1
872,1,1,0,1,0,0,0,0,0,0,1
873,1,1,0,1,0,0,0,0,0,0,1
874,1,1,0,1,0,0,0,0,0,0,1
875,1,1,0,1,0,0,0,0,0,0,1
876,1,1,0,1,0,0,0,0,0,0,1
877,1,1,0,1,0,0,0,0,0,0,1
878,1,1,0,1,0,0,0,0,0,0,1
879,1,0,0,0,0,1,1,0,1,0,1
880,1,0,0,0,0,1,1,0,1,0,1
881,1,0,0,0,0,1,1,0,1,0,1
882,1,0,0,0,0,1,1,0,1,0,1
883,1,0,0,0,0,1,1,0,1,0,1
884,1,0,0,0,0,1,1,0,1,0,1
885,1,0,0,0,0,1,1,0,1,0,1
886,1,1,0,0,0,0,0,0,0,0,0
887,1,1,0,0,0,0,0,0,0,0,0
888,1,1,0,0,0,0,0,0,0,0,0
889,1,1,0,0,0,0,0,0,0,0,0
890,1,1,0,0,0,0,0,0,0,0,0
891,1,1,0,0,0,0,0,0,0,0,0
892,1,1,0,0,0,0,0,0,0,0,0
893,1,1,0,0,0,0,0,0,0,0,0
894,1,1,0,0,0,0,0,0,0,0,0
895,1,1,0,0,0,0,0,0,0,0,0
896,1,1,0,0,0,0,0,0,0,0,0
897,1,1,0,0,0,0,0,0,0,0,0
898,1,1,0,0,0,0,0,0,0,0,0
899,1,1,0,0,0,0,0,0,0,0,0
900,1,1,0,0,0,0,0,0,0,0,0
901,1,1,0,0,0,0,0,0,0,0,0
902,1,1,0,1,1,1,1,0,1,0,1
903,1,0,1,0,0,0,1,1,0,0,0
904,1,1,1,1,0,0,0,1,0,1,1
905,1,0,1,0,1,1,1,1,0,1,0
906,1,1,0,0,1,1,1,1,0,1,0
907,1,0,1,1,0,0,0,0,0,1,0
908,1,0,0,0,1,0,1,0,1,1,1
909,1,0,0,0,1,1,1,1,1,1,1
910,1,1,0,0,1,1,1,1,1,1,1
911,1,0,1,0,0,0,1,0,0,1,0
912,1,1,0,0,1,0,0,1,1,1,1
913,1,1,1,1,0,0,1,0,1,0,1
914,1,1,0,1,0,0,0,0,0,0,1
915,1,1,0,1,0,0,0,0,0,0,1
916,1,1,0,1,0,0,0,0,0,0,1
917,1,1,0,1,0,0,0,0,0,0,1
918,1,1,0,1,0,0,0,0,0,0,1
919,1,1,0,1,0,0,0,0,0,0,1
920,1,1,0,1,0,0,0,0,0,0,1
921,1,1,0,1,0,0,0,0,0,0,1
922,1,1,0,1,0,0,0,0,0,0,1
923,1,1,0,1,0,0,0,0,0,0,1
924,1,1,0,1,0,0,0,0,0,0,1
925,1,1,0,1,0,0,0,0,0,0,1
926,1,0,0,0,0,1,1,0,1,0,1
927,1,0,0,0,0,1,1,0,1,0,1
928,1,0,0,0,0,1,1,0,1,0,1
929,1,0,0,0,0,1,1,0,1,0,1
930,1,0,0,0,0,1,1,0,1,0,1
931,1,0,0,0,0,1,1,0,1,0,1
932,1,0,0,0,0,1,1,0,1,0,1
933,1,1,0,0,0,0,0,0,0,0,0
934,1,1,0,0,0,0,0,0,0,0,0
935,1,1,0,0,0,0,0,0,0,0,0
936,1,1,0,0,0,0,0,0,0,0,0
937,1,1,0,0,0,0,0,0,0,0,0
938,1,1,0,0,0,0,0,0,0,0,0
939,1,1,0,0,0,0,0,0,0,0,0
940,1,1,0,0,0,0,0,0,0,0,0
941,1,1,0,0,0,0,0,0,0,0,0
942,1,1,0,0,0,0,0,0,0,0,0
943,1,1,0,0,0,0,0,0,0,0,0
944,1,1,0,0,0,0,0,0,0,0,0
945,1,1,0,0,0,0,0,0,0,0,0
946,1,1,0,0,0,0,0,0,0,0,0
947,1,1,0,0,0,0,0,0,0,0,0
948,1,1,0,0,0,0,0,0,0,0,0
949,1,1,0,1,1,1,1,0,1,0,1
950,1,0,1,0,0,0,1,1,0,0,0
951,1,1,1,1,0,0,0,1,0,1,1
952,1,0,1,0,1,1,1,1,0,1,0
953,1,1,0,0,1,1,1,1,0,1,0
954,1,0,1,1,0,0,0,0,0,1,0
955,1,0,0,0,1,0,1,0,1,1,1
956,1,0,0,0,1,1,1,1,1,1,1
957,1,1,0,0,1,1,1,1,1,1,1
958,1,0,1,0,0,0,1,0,0,1,0
959,1,1,0,0,1,0,0,1,1,1,1
960,1,1,1,1,0,0,1,0,1,0,1
961,1,1,0,1,0,0,0,0,0,0,1
962,1,1,0,1,0,0,0,0,0,0,1
963,1,1,0,1,0,0,0,0,0,0,1
964,1,1,0,1,0,0,0,0,0,0,1
965,1,1,0,1,0,0,0,0,0,0,1
966,1,1,0,1,0,0,0,0,0,0,1
967,1,1,0,1,0,0,0,0,0,0,1
968,1,1,0,1,0,0,0,0,0,0,1
969,1,1,0,1,0,0,0,0,0,0,1
970,1,1,0,1,0,0,0,0,0,0,1
971,1,1,0,1,0,0,0,0,0,0,1
972,1,1,0,1,0,0,0,0,0,0,1
973,1,0,0,0,0,1,1,0,1,0,1
974,1,0,0,0,0,1,1,0,1,0,1
975,1,0,0,0,0,1,1,0,1,0,1
976,1,0,0,0,0,1,1,0,1,0,1
977,1,0,0,0,0,1,1,0,1,0,1
978,1,0,0,0,0,1,1,0,1,0,1
979,1,0,0,0,0,1,1,0,1,0,1
980,1,1,0,0,0,0,0,0,0,0,0
981,1,1,0,0,0,0,0,0,0,0,0
982,1,1,0,0,0,0,0,0,0,0,0
983,1,1,0,0,0,0,0,0,0,0,0
984,1,1,0,0,0,0,0,0,0,0,0
985,1,1,0,0,0,0,0,0,0,0,0
986,1,1,0,0,0,0,0,0,0,0,0
987,1,1,0,0,0,0,0,0,0,0,0
988,1,1,0,0,0,0,0,0,0,0,0
989,1,1,0,0,0,0,0,0,0,0,0
990,1,1,0,0,0,0,0,0,0,0,0
991,1,1,0,0,0,0,0,0,0,0,0
992,1,1,0,0,0,0,0,0,0,0,0
993,1,1,0,0,0,0,0,0,0,0,0
994,1,1,0,0,0,0,0,0,0,0,0
995,1,1,0,0,0,0,0,0,0,0,0
996,1,1,0,1,1,1,1,0,1,0,1
997,1,0,1,0,0,0,1,1,0,0,0
998,1,1,1,1,0,0,0,1,0,1,1
999,1,0,1,0,1,1,1,1,0,1,0
1000,1,1,0,0,1,1,1,1,0,1,0
1001,1,0,1,1,0,0,0,0,0,1,0
1002,1,0,0,0,1,0,1,0,1,1,1
1003,1,0,0,0,1,1,1,1,1,1,1
1004,1,1,0,0,1,1,1,1,1,1,1
1005,1,0,1,0,0,0,1,0,0,1,0
1006,1,1,0,0,1,0,0,1,1,1,1
1007,1,1,1,1,0,0,1,0,1,0,1
1008,1,1,0,1,0,0,0,0,0,0,1
1009,1,1,0,1,0,0,0,0,0,0,1
1010,1,1,0,1,0,0,0,0,0,0,1
1011,1,1,0,1,0,0,0,0,0,0,1
1012,1,1,0,1,0,0,0,0,0,0,1
1013,1,1,0,1,0,0,0,0,0,0,1
1014,1,1,0,1,0,0,0,0,0,0,1
1015,1,1,0,1,0,0,0,0,0,0,1
1016,1,1,0,1,0,0,0,0,0,0,1
1017,1,1,0,1,0,0,0,0,0,0,1
1018,1,1,0,1,0,0,0,0,0,0,1
1019,1,1,0,1,0,0,0,0,0,0,1
1020,1,0,0,0,0,1,1,0,1,0,1
1021,1,0,0,0,0,1,1,0,1,0,1
1022,1,0,0,0,0,1,1,0,1,0,1
1023,1,0,0,0,0,1,1,0,1,0,1
1024,1,0,0,0,0,1,1,0,1,0,1
1025,1,0,0,0,0,1,1,0,1,0,1
1026,1,0,0,0,0,1,1,0,1,0,1
1027,1,1,0,0,0,0,0,0,0,0,0
1028,1,1,0,0,0,0,0,0,0,0,0
1029,1,1,0,0,0,0,0,0,0,0,0
1030,1,1,0,0,0,0,0,0,0,0,0
1031,1,1,0,0,0,0,0,0,0,0,0
1032,1,1,0,0,0,0,0,0,0,0,0
1033,1,1,0,0,0,0,0,0,0,0,0
1034,1,1,0,0,0,0,0,0,0,0,0
1035,1,1,0,0,0,0,0,0,0,0,0
1036,1,1,0,0,0,0,0,0,0,0,0
1037,1,1,0,0,0,0,0,0,0,0,0
1038,1,1,0,0,0,0,0,0,0,0,0
1039,1,1,0,0,0,0,0,0,0,0,0
1040,1,1,0,0,0,0,0,0,0,0,0
1041,1,1,0,0,0,0,0,0,0,0,0
1042,1,1,0,0,0,0,0,0,0,0,0
1043,1,1,0,1,1,1,1,0,1,0,1
1044,1,0,1,0,0,0,1,1,0,0,0
1045,1,1,1,1,0,0,0,1,0,1,1
1046,1,0,1,0,1,1,1,1,0,1,0
1047,1,1,0,0,1,1,1,1,0,1,0
1048,1,0,1,1,0,0,0,0,0,1,0
1049,1,0,0,0,1,0,1,0,1,1,1
1050,1,0,0,0,1,1,1,1,1,1,1
1051,1,1,0,0,1,1,1,1,1,1,1
1052,1,0,1,0,0,0,1,0,0,1,0
1053,1,1,0,0,1,0,0,1,1,1,1
1054,1,1,1,1,0,0,1,0,1,0,1
1055,1,1,0,1,0,0,0,0,0,0,1
1056,1,1,0,1,0,0,0,0,0,0,1
1057,1,1,0,1,0,0,0,0,0,0,1
1058,1,1,0,1,0,0,0,0,0,0,1
1059,1,1,0,1,0,0,0,0,0,0,1
1060,1,1,0,1,0,0,0,0,0,0,1
1061,1,1,0,1,0,0,0,0,0,0,1
1062,1,1,0,1,0,0,0,0,0,0,1
1063,1,1,0,1,0,0,0,0,0,0,1
1064,1,1,0,1,0,0,0,0,0,0,1
1065,1,1,0,1,0,0,0,0,0,0,1
1066,1,1,0,1,0,0,0,0,0,0,1
1067,1,0,0,0,0,1,1,0,1,0,1
1068,1,0,0,0,0,1,1,0,1,0,1
1069,1,0,0,0,0,1,1,0,1,0,1
1070,1,0,0,0,0,1,1,0,1,0,1
1071,1,0,0,0,0,1,1,0,1,0,1
1072,1,0,0,0,0,1,1,0,1,0,1
1073,1,0,0,0,0,1,1,0,1,0,1
1074,1,1,0,0,0,0,0,0,0,0,0
1075,1,1,0,0,0,0,0,0,0,0,0
1076,1,1,0,0,0,0,0,0,0,0,0
1077,1,1,0,0,0,0,0,0,0,0,0
1078,1,1,0,0,0,0,0,0,0,0,0
1079,1,1,0,0,0,0,0,0,0,0,0
1080,1,1,0,0,0,0,0,0,0,0,0
1081,1,1,0,0,0,0,0,0,0,0,0
1082,1,1,0,0,0,0,0,0,0,0,0
1083,1,1,0,0,0,0,0,0,0,0,0
1084,1,1,0,0,0,0,0,0,0,0,0
1085,1,1,0,0,0,0,0,0,0,0,0
1086,1,1,0,0,0,0,0,0,0,0,0
1087,1,1,0,0,0,0,0,0,0,0,0
1088,1,1,0,0,0,0,0,0,0,0,0
1089,1,1,0,0,0,0,0,0,0,0,0
1090,1,1,0,1,1,1,1,0,1,0,1
1091,1,0,1,0,0,0,1,1,0,0,0
1092,1,1,1,1,0,0,0,1,0,1,1
1093,1,0,1,0,1,1,1,1,0,1,0
1094,1,1,0,0,1,1,1,1,0,1,0
1095,1,0,1,1,0,0,0,0,0,1,0
1096,1,0,0,0,1,0,1,0,1,1,1
1097,1,0,0,0,1,1,1,1,1,1,1
1098,1,1,0,0,1,1,1,1,1,1,1
1099,1,0,1,0,0,0,1,0,0,1,0
1100,1,1,0,0,1,0,0,1,1,1,1
1101,1,1,1,1,0,0,1,0,1,0,1
1102,1,1,0,1,0,0,0,0,0,0,1
1103,1,1,0,1,0,0,0,0,0,0,1
1104,1,1,0,1,0,0,0,0,0,0,1
1105,1,1,0,1,0,0,0,0,0,0,1
1106,1,1,0,1,0,0,0,0,0,0,1
1107,1,1,0,1,0,0,0,0,0,0,1
1108,1,1,0,1,0,0,0,0,0,0,1
1109,1,1,0,1,0,0,0,0,0,0,1
1110,1,1,0,1,0,0,0,0,0,0,1
1111,1,1,0,1,0,0,0,0,0,0,1
1112,1,1,0,1,0,0,0,0,0,0,1
1113,1,1,0,1,0,0,0,0,0,0,1
1114,1,0,0,0,0,1,1,0,1,0,1
1115,1,0,0,0,0,1,1,0,1,0,1
1116,1,0,0,0,0,1,1,0,1,0,1
1117,1,0,0,0,0,1,1,0,1,0,1
1118,1,0,0,0,0,1,1,0,1,0,1
1119,1,0,0,0,0,1,1,0,1,0,1
1120,1,0,0,0,0,1,1,0,1,0,1
1121,1,1,0,0,0,0,0,0,0,0,0
1122,1,1,0,0,0,0,0,0,0,0,0
1123,1,1,0,0,0,0,0,0,0,0,0
1124,1,1,0,0,0,0,0,0,0,0,0
1125,1,1,0,0,0,0,0,0,0,0,0
1126,1,1,0,0,0,0,0,0,0,0,0
1127,1,1,0,0,0,0,0,0,0,0,0
1128,1,1,0,0,0,0,0,0,0,0,0
1129,1,1,0,0,0,0,0,0,0,0,0
1130,1,1,0,0,0,0,0,0,0,0,0
1131,1,1,0,0,0,0,0,0,0,0,0
1132,1,1,0,0,0,0,0,0,0,0,0
1133,1,1,0,0,0,0,0,0,0,0,0
1134,1,1,0,0,0,0,0,0,0,0,0
1135,1,1,0,0,0,0,0,0,0,0,0
1136,1,1,0,0,0,0,0,0,0,0,0
1137,1,1,0,1,1,1,1,0,1,0,1
1138,1,0,1,0,0,0,1,1,0,0,0
1139,1,1,1,1,0,0,0,1,0,1,1
1140,1,0,1,0,1,1,1,1,0,1,0
1141,1,1,0,0,1,1,1,1,0,1,0
1142,1,0,1,1,0,0,0,0,0,1,0
1143,1,0,0,0,1,0,1,0,1,1,1
1144,1,0,0,0,1,1,1,1,1,1,1
1145,1,1,0,0,1,1,1,1,1,1,1
1146,1,0,1,0,0,0,1,0,0,1,0
1147,1,1,0,0,1,0,0,1,1,1,1
1148,1,1,1,1,0,0,1,0,1,0,1
1149,1,1,0,1,0,0,0,0,0,0,1
1150,1,1,0,1,0,0,0,0,0,0,1
1151,1,1,0,1,0,0,0,0,0,0,1
1152,1,1,0,1,0,0,0,0,0,0,1
1153,1,1,0,1,0,0,0,0,0,0,1
1154,1,1,0,1,0,0,0,0,0,0,1
1155,1,1,0,1,0,0,0,0,0,0,1
1156,1,1,0,1,0,0,0,0,0,0,1
1157,1,1,0,1,0,0,0,0,0,0,1
1158,1,1,0,1,0,0,0,0,0,0,1
1159,1,1,0,1,0,0,0,0,0,0,1
1160,1,1,0,1,0,0,0,0,0,0,1
1161,1,0,0,0,0,1,1,0,1,0,1
1162,1,0,0,0,0,1,1,0,1,0,1
1163,1,0,0,0,0,1,1,0,1,0,1
1164,1,0,0,0,0,1,1,0,1,0,1
1165,1,0,0,0,0,1,1,0,1,0,1
1166,1,0,0,0,0,1,1,0,1,0,1
1167,1,0,0,0,0,1,1,0,1,0,1
1168,1,1,0,0,0,0,0,0,0,0,0
1169,1,1,0,0,0,0,0,0,0,0,0
1170,1,1,0,0,0,0,0,0,0,0,0
1171,1,1,0,0,0,0,0,0,0,0,0
1172,1,1,0,0,0,0,0,0,0,0,0
1173,1,1,0,0,0,0,0,0,0,0,0
1174,1,1,0,0,0,0,0,0,0,0,0
1175,1,1,0,0,0,0,0,0,0,0,0
1176,1,1,0,0,0,0,0,0,0,0,0
1177,1,1,0,0,0,0,0,0,0,0,0
1178,1,1,0,0,0,0,0,0,0,0,0
1179,1,1,0,0,0,0,0,0,0,0,0
1180,1,1,0,0,0,0,0,0,0,0,0
1181,1,1,0,0,0,0,0,0,0,0,0
1182,1,1,0,0,0,0,0,0,0,0,0
1183,1,1,0,0,0,0,0,0,0,0,0
1184,1,1,0,1,1,1,1,0,1,0,1
1185,1,0,1,0,0,0,1,1,0,0,0
1186,1,1,1,1,0,0,0,1,0,1,1
1187,1,0,1,0,1,1,1,1,0,1,0
1188,1,1,0,0,1,1,1,1,0,1,0
1189,1,0,1,1,0,0,0,0,0,1,0
1190,1,0,0,0,1,0,1,0,1,1,1
1191,1,0,0,0,1,1,1,1,1,1,1
1192,1,1,0,0,1,1,1,1,1,1,1
1193,1,0,1,0,0,0,1,0,0,1,0
1194,1,1,0,0,1,0,0,1,1,1,1
1195,1,1,1,1,0,0,1,0,1,0,1
1196,1,1,0,1,0,0,0,0,0,0,1
1197,1,1,0,1,0,0,0,0,0,0,1
1198,1,1,0,1,0,0,0,0,0,0,1
1199,1,1,0,1,0,0,0,0,0,0,1
1200,1,1,0,1,0,0,0,0,0,0,1
1201,1,1,0,1,0,0,0,0,0,0,1
1202,1,1,0,1,0,0,0,0,0,0,1
1203,1,1,0,1,0,0,0,0,0,0,1
1204,1,1,0,1,0,0,0,0,0,0,1
1205,1,1,0,1,0,0,0,0,0,0,1
1206,1,1,0,1,0,0,0,0,0,0,1
1207,1,1,0,1,0,0,0,0,0,0,1
1208,1,0,0,0,0,1,1,0,1,0,1
1209,1,0,0,0,0,1,1,0,1,0,1
1210,1,0,0,0,0,1,1,0,1,0,1
1211,1,0,0,0,0,1,1,0,1,0,1
1212,1,0,0,0,0,1,1,0,1,0,1
1213,1,0,0,0,0,1,1,0,1,0,1
1214,1,0,0,0,0,1,1,0,1,0,1
1215,1,1,0,0,0,0,0,0,0,0,0
1216,1,1,0,0,0,0,0,0,0,0,0
1217,1,1,0,0,0,0,0,0,0,0,0
1218,1,1,0,0,0,0,0,0,0,0,0
1219,1,1,0,0,0,0,0,0,0,0,0
1220,1,1,0,0,0,0,0,0,0,0,0
1221,1,1,0,0,0,0,0,0,0,0,0
1222,1,1,0,0,0,0,0,0,0,0,0
1223,1,1,0,0,0,0,0,0,0,0,0
1224,1,1,0,0,0,0,0,0,0,0,0
1225,1,1,0,0,0,0,0,0,0,0,0
1226,1,1,0,0,0,0,0,0,0,0,0
1227,1,1,0,0,0,0,0,0,0,0,0
1228,1,1,0,0,0,0,0,0,0,0,0
1229,1,1,0,0,0,0,0,0,0,0,0
1230,1,1,0,0,0,0,0,0,0,0,0
